Label,# Samples,Average,Min,Max,Std. Dev.,Error %,Throughput,Received KB/sec,Sent KB/sec,Avg. Bytes
2147483647,6871,135,25,410,34.83,0.000%,114.87661,19.30,14.58,172.0
TOTAL,6871,135,25,410,34.83,0.000%,114.87661,19.30,14.58,172.0
