Label,# Samples,Average,Min,Max,Std. Dev.,Error %,Throughput,Received KB/sec,Sent KB/sec,Avg. Bytes
2147483647,767,3736,556,4591,513.02,0.000%,12.08578,2.03,1.53,172.0
TOTAL,767,3736,556,4591,513.02,0.000%,12.08578,2.03,1.53,172.0
