Label,# Samples,Average,Min,Max,Std. Dev.,Error %,Throughput,Received KB/sec,Sent KB/sec,Avg. Bytes
2147483647,6690,147,41,418,51.79,0.000%,111.83177,18.78,14.20,172.0
TOTAL,6690,147,41,418,51.79,0.000%,111.83177,18.78,14.20,172.0
